property_id,check_in_date,room_category,successful_bookings,capacity,date,"mmm yy","week no",day_type
16559,01-May-22,RT1,25,30,01-May-22,"May 22","W 19",weekend
19562,01-May-22,RT1,28,30,01-May-22,"May 22","W 19",weekend
17558,01-May-22,RT1,13,19,01-May-22,"May 22","W 19",weekend
17560,01-May-22,RT1,28,40,01-May-22,"May 22","W 19",weekend
19560,01-May-22,RT1,23,26,01-May-22,"May 22","W 19",weekend
16560,01-May-22,RT1,24,34,01-May-22,"May 22","W 19",weekend
16561,01-May-22,RT1,16,18,01-May-22,"May 22","W 19",weekend
16562,01-May-22,RT1,20,31,01-May-22,"May 22","W 19",weekend
16563,01-May-22,RT1,36,41,01-May-22,"May 22","W 19",weekend
17562,01-May-22,RT1,12,20,01-May-22,"May 22","W 19",weekend
18558,01-May-22,RT1,11,15,01-May-22,"May 22","W 19",weekend
18561,01-May-22,RT1,31,33,01-May-22,"May 22","W 19",weekend
18563,01-May-22,RT1,18,27,01-May-22,"May 22","W 19",weekend
19561,01-May-22,RT1,25,36,01-May-22,"May 22","W 19",weekend
19562,01-May-22,RT2,23,23,01-May-22,"May 22","W 19",weekend
17561,01-May-22,RT2,32,36,01-May-22,"May 22","W 19",weekend
16562,01-May-22,RT2,30,43,01-May-22,"May 22","W 19",weekend
16558,01-May-22,RT2,21,22,01-May-22,"May 22","W 19",weekend
16563,01-May-22,RT2,37,38,01-May-22,"May 22","W 19",weekend
19559,01-May-22,RT2,32,41,01-May-22,"May 22","W 19",weekend
19558,01-May-22,RT2,25,39,01-May-22,"May 22","W 19",weekend
17559,01-May-22,RT2,34,39,01-May-22,"May 22","W 19",weekend
16560,01-May-22,RT2,25,34,01-May-22,"May 22","W 19",weekend
18559,01-May-22,RT2,29,44,01-May-22,"May 22","W 19",weekend
17562,01-May-22,RT2,19,30,01-May-22,"May 22","W 19",weekend
17564,01-May-22,RT2,25,40,01-May-22,"May 22","W 19",weekend
18561,01-May-22,RT2,35,40,01-May-22,"May 22","W 19",weekend
18560,01-May-22,RT2,34,40,01-May-22,"May 22","W 19",weekend
17560,01-May-22,RT2,31,45,01-May-22,"May 22","W 19",weekend
19563,01-May-22,RT2,36,45,01-May-22,"May 22","W 19",weekend
18560,01-May-22,RT1,27,30,01-May-22,"May 22","W 19",weekend
19562,01-May-22,RT3,25,29,01-May-22,"May 22","W 19",weekend
18562,01-May-22,RT3,28,29,01-May-22,"May 22","W 19",weekend
17562,01-May-22,RT3,15,27,01-May-22,"May 22","W 19",weekend
19559,01-May-22,RT3,19,27,01-May-22,"May 22","W 19",weekend
17560,01-May-22,RT3,19,25,01-May-22,"May 22","W 19",weekend
16561,01-May-22,RT3,21,21,01-May-22,"May 22","W 19",weekend
17561,01-May-22,RT3,16,19,01-May-22,"May 22","W 19",weekend
18560,01-May-22,RT3,21,24,01-May-22,"May 22","W 19",weekend
18563,01-May-22,RT3,16,23,01-May-22,"May 22","W 19",weekend
17564,01-May-22,RT3,16,24,01-May-22,"May 22","W 19",weekend
16558,01-May-22,RT3,8,8,01-May-22,"May 22","W 19",weekend
16562,01-May-22,RT3,14,18,01-May-22,"May 22","W 19",weekend
17563,01-May-22,RT3,14,16,01-May-22,"May 22","W 19",weekend
19559,01-May-22,RT4,2,3,01-May-22,"May 22","W 19",weekend
16562,01-May-22,RT4,4,6,01-May-22,"May 22","W 19",weekend
17562,01-May-22,RT4,4,6,01-May-22,"May 22","W 19",weekend
19563,01-May-22,RT4,4,6,01-May-22,"May 22","W 19",weekend
19558,01-May-22,RT4,4,7,01-May-22,"May 22","W 19",weekend
16561,01-May-22,RT4,9,10,01-May-22,"May 22","W 19",weekend
17560,01-May-22,RT4,10,13,01-May-22,"May 22","W 19",weekend
18561,01-May-22,RT4,8,9,01-May-22,"May 22","W 19",weekend
17564,01-May-22,RT4,9,17,01-May-22,"May 22","W 19",weekend
19560,01-May-22,RT4,15,16,01-May-22,"May 22","W 19",weekend
17563,01-May-22,RT4,17,19,01-May-22,"May 22","W 19",weekend
19562,01-May-22,RT4,13,14,01-May-22,"May 22","W 19",weekend
18558,01-May-22,RT4,14,20,01-May-22,"May 22","W 19",weekend
18563,01-May-22,RT4,13,18,01-May-22,"May 22","W 19",weekend
16559,01-May-22,RT4,17,18,01-May-22,"May 22","W 19",weekend
16558,01-May-22,RT4,3,3,01-May-22,"May 22","W 19",weekend
18560,02-May-22,RT1,21,30,02-May-22,"May 22","W 19",weekeday
19562,02-May-22,RT1,20,30,02-May-22,"May 22","W 19",weekeday
17558,02-May-22,RT1,10,19,02-May-22,"May 22","W 19",weekeday
17560,02-May-22,RT1,22,40,02-May-22,"May 22","W 19",weekeday
19558,02-May-22,RT1,16,40,02-May-22,"May 22","W 19",weekeday
19560,02-May-22,RT1,14,26,02-May-22,"May 22","W 19",weekeday
17561,02-May-22,RT1,15,26,02-May-22,"May 22","W 19",weekeday
16561,02-May-22,RT1,11,18,02-May-22,"May 22","W 19",weekeday
16563,02-May-22,RT1,25,41,02-May-22,"May 22","W 19",weekeday
17562,02-May-22,RT1,9,20,02-May-22,"May 22","W 19",weekeday
17563,02-May-22,RT1,15,25,02-May-22,"May 22","W 19",weekeday
18559,02-May-22,RT1,17,42,02-May-22,"May 22","W 19",weekeday
18562,02-May-22,RT1,22,38,02-May-22,"May 22","W 19",weekeday
18563,02-May-22,RT1,14,27,02-May-22,"May 22","W 19",weekeday
19561,02-May-22,RT1,20,36,02-May-22,"May 22","W 19",weekeday
17564,02-May-22,RT1,7,16,02-May-22,"May 22","W 19",weekeday
19562,02-May-22,RT2,15,23,02-May-22,"May 22","W 19",weekeday
17561,02-May-22,RT2,23,36,02-May-22,"May 22","W 19",weekeday
16562,02-May-22,RT2,21,43,02-May-22,"May 22","W 19",weekeday
16558,02-May-22,RT2,14,22,02-May-22,"May 22","W 19",weekeday
16563,02-May-22,RT2,23,38,02-May-22,"May 22","W 19",weekeday
16559,02-May-22,RT2,23,41,02-May-22,"May 22","W 19",weekeday
19558,02-May-22,RT2,17,39,02-May-22,"May 22","W 19",weekeday
16560,02-May-22,RT2,17,34,02-May-22,"May 22","W 19",weekeday
18559,02-May-22,RT2,18,44,02-May-22,"May 22","W 19",weekeday
17562,02-May-22,RT2,14,30,02-May-22,"May 22","W 19",weekeday
17564,02-May-22,RT2,16,40,02-May-22,"May 22","W 19",weekeday
18560,02-May-22,RT2,26,40,02-May-22,"May 22","W 19",weekeday
17560,02-May-22,RT2,23,45,02-May-22,"May 22","W 19",weekeday
19561,02-May-22,RT2,22,45,02-May-22,"May 22","W 19",weekeday
19563,02-May-22,RT2,20,45,02-May-22,"May 22","W 19",weekeday
19562,02-May-22,RT3,18,29,02-May-22,"May 22","W 19",weekeday
18562,02-May-22,RT3,18,29,02-May-22,"May 22","W 19",weekeday
17562,02-May-22,RT3,12,27,02-May-22,"May 22","W 19",weekeday
16559,02-May-22,RT3,20,32,02-May-22,"May 22","W 19",weekeday
18561,02-May-22,RT3,18,25,02-May-22,"May 22","W 19",weekeday
18558,02-May-22,RT3,15,26,02-May-22,"May 22","W 19",weekeday
16561,02-May-22,RT3,13,21,02-May-22,"May 22","W 19",weekeday
16563,02-May-22,RT3,13,20,02-May-22,"May 22","W 19",weekeday
18560,02-May-22,RT3,14,24,02-May-22,"May 22","W 19",weekeday
17563,02-May-22,RT3,9,16,02-May-22,"May 22","W 19",weekeday
18559,02-May-22,RT3,9,23,02-May-22,"May 22","W 19",weekeday
17564,02-May-22,RT3,9,24,02-May-22,"May 22","W 19",weekeday
17561,02-May-22,RT3,10,19,02-May-22,"May 22","W 19",weekeday
18563,02-May-22,RT3,11,23,02-May-22,"May 22","W 19",weekeday
19559,02-May-22,RT4,2,3,02-May-22,"May 22","W 19",weekeday
17558,02-May-22,RT4,4,6,02-May-22,"May 22","W 19",weekeday
19558,02-May-22,RT4,4,7,02-May-22,"May 22","W 19",weekeday
18561,02-May-22,RT4,5,9,02-May-22,"May 22","W 19",weekeday
17560,02-May-22,RT4,6,13,02-May-22,"May 22","W 19",weekeday
18560,02-May-22,RT4,11,15,02-May-22,"May 22","W 19",weekeday
19560,02-May-22,RT4,11,16,02-May-22,"May 22","W 19",weekeday
17563,02-May-22,RT4,12,19,02-May-22,"May 22","W 19",weekeday
17559,02-May-22,RT4,8,14,02-May-22,"May 22","W 19",weekeday
18562,02-May-22,RT4,12,20,02-May-22,"May 22","W 19",weekeday
16563,02-May-22,RT4,12,18,02-May-22,"May 22","W 19",weekeday
16559,02-May-22,RT4,12,18,02-May-22,"May 22","W 19",weekeday
16562,02-May-22,RT4,3,6,02-May-22,"May 22","W 19",weekeday
17562,02-May-22,RT4,3,6,02-May-22,"May 22","W 19",weekeday
17561,02-May-22,RT4,3,4,02-May-22,"May 22","W 19",weekeday
18560,04-May-22,RT1,20,30,04-May-22,"May 22","W 19",weekeday
19562,04-May-22,RT1,17,30,04-May-22,"May 22","W 19",weekeday
17558,04-May-22,RT1,9,19,04-May-22,"May 22","W 19",weekeday
17560,04-May-22,RT1,22,40,04-May-22,"May 22","W 19",weekeday
19558,04-May-22,RT1,15,40,04-May-22,"May 22","W 19",weekeday
16560,04-May-22,RT1,17,34,04-May-22,"May 22","W 19",weekeday
16562,04-May-22,RT1,16,31,04-May-22,"May 22","W 19",weekeday
17559,04-May-22,RT1,19,32,04-May-22,"May 22","W 19",weekeday
17563,04-May-22,RT1,16,25,04-May-22,"May 22","W 19",weekeday
18559,04-May-22,RT1,18,42,04-May-22,"May 22","W 19",weekeday
18562,04-May-22,RT1,25,38,04-May-22,"May 22","W 19",weekeday
19559,04-May-22,RT1,12,24,04-May-22,"May 22","W 19",weekeday
17564,04-May-22,RT1,7,16,04-May-22,"May 22","W 19",weekeday
18563,04-May-22,RT2,16,29,04-May-22,"May 22","W 19",weekeday
17558,04-May-22,RT2,27,50,04-May-22,"May 22","W 19",weekeday
16562,04-May-22,RT2,21,43,04-May-22,"May 22","W 19",weekeday
16558,04-May-22,RT2,14,22,04-May-22,"May 22","W 19",weekeday
16563,04-May-22,RT2,23,38,04-May-22,"May 22","W 19",weekeday
19559,04-May-22,RT2,22,41,04-May-22,"May 22","W 19",weekeday
16560,04-May-22,RT2,20,34,04-May-22,"May 22","W 19",weekeday
18559,04-May-22,RT2,19,44,04-May-22,"May 22","W 19",weekeday
17563,04-May-22,RT2,29,44,04-May-22,"May 22","W 19",weekeday
17564,04-May-22,RT2,18,40,04-May-22,"May 22","W 19",weekeday
18560,04-May-22,RT2,28,40,04-May-22,"May 22","W 19",weekeday
17560,04-May-22,RT2,20,45,04-May-22,"May 22","W 19",weekeday
19563,04-May-22,RT2,20,45,04-May-22,"May 22","W 19",weekeday
19562,04-May-22,RT3,20,29,04-May-22,"May 22","W 19",weekeday
18562,04-May-22,RT3,16,29,04-May-22,"May 22","W 19",weekeday
17562,04-May-22,RT3,9,27,04-May-22,"May 22","W 19",weekeday
19559,04-May-22,RT3,14,27,04-May-22,"May 22","W 19",weekeday
16559,04-May-22,RT3,19,32,04-May-22,"May 22","W 19",weekeday
18561,04-May-22,RT3,16,25,04-May-22,"May 22","W 19",weekeday
17563,04-May-22,RT3,8,16,04-May-22,"May 22","W 19",weekeday
16561,04-May-22,RT3,14,21,04-May-22,"May 22","W 19",weekeday
18558,04-May-22,RT3,14,26,04-May-22,"May 22","W 19",weekeday
16560,04-May-22,RT3,10,20,04-May-22,"May 22","W 19",weekeday
17561,04-May-22,RT3,10,19,04-May-22,"May 22","W 19",weekeday
18559,04-May-22,RT3,10,23,04-May-22,"May 22","W 19",weekeday
16563,04-May-22,RT3,12,20,04-May-22,"May 22","W 19",weekeday
16562,04-May-22,RT3,11,18,04-May-22,"May 22","W 19",weekeday
19560,04-May-22,RT3,11,19,04-May-22,"May 22","W 19",weekeday
17562,04-May-22,RT4,2,6,04-May-22,"May 22","W 19",weekeday
16558,04-May-22,RT4,2,3,04-May-22,"May 22","W 19",weekeday
16561,04-May-22,RT4,5,10,04-May-22,"May 22","W 19",weekeday
17564,04-May-22,RT4,9,17,04-May-22,"May 22","W 19",weekeday
18560,04-May-22,RT4,10,15,04-May-22,"May 22","W 19",weekeday
18559,04-May-22,RT4,8,19,04-May-22,"May 22","W 19",weekeday
17559,04-May-22,RT4,9,14,04-May-22,"May 22","W 19",weekeday
18558,04-May-22,RT4,11,20,04-May-22,"May 22","W 19",weekeday
18562,04-May-22,RT4,12,20,04-May-22,"May 22","W 19",weekeday
18563,04-May-22,RT4,8,18,04-May-22,"May 22","W 19",weekeday
16559,04-May-22,RT4,11,18,04-May-22,"May 22","W 19",weekeday
17558,04-May-22,RT4,3,6,04-May-22,"May 22","W 19",weekeday
16560,04-May-22,RT4,3,7,04-May-22,"May 22","W 19",weekeday
19561,04-May-22,RT4,3,7,04-May-22,"May 22","W 19",weekeday
16559,05-May-22,RT1,16,30,05-May-22,"May 22","W 19",weekeday
19562,05-May-22,RT1,19,30,05-May-22,"May 22","W 19",weekeday
19563,05-May-22,RT1,14,30,05-May-22,"May 22","W 19",weekeday
16558,05-May-22,RT1,12,19,05-May-22,"May 22","W 19",weekeday
19558,05-May-22,RT1,18,40,05-May-22,"May 22","W 19",weekeday
17561,05-May-22,RT1,15,26,05-May-22,"May 22","W 19",weekeday
16561,05-May-22,RT1,13,18,05-May-22,"May 22","W 19",weekeday
16562,05-May-22,RT1,15,31,05-May-22,"May 22","W 19",weekeday
17559,05-May-22,RT1,21,32,05-May-22,"May 22","W 19",weekeday
17563,05-May-22,RT1,18,25,05-May-22,"May 22","W 19",weekeday
18559,05-May-22,RT1,16,42,05-May-22,"May 22","W 19",weekeday
18562,05-May-22,RT1,24,38,05-May-22,"May 22","W 19",weekeday
19559,05-May-22,RT1,13,24,05-May-22,"May 22","W 19",weekeday
17564,05-May-22,RT1,6,16,05-May-22,"May 22","W 19",weekeday
18563,05-May-22,RT2,14,29,05-May-22,"May 22","W 19",weekeday
17558,05-May-22,RT2,29,50,05-May-22,"May 22","W 19",weekeday
16562,05-May-22,RT2,20,43,05-May-22,"May 22","W 19",weekeday
16558,05-May-22,RT2,13,22,05-May-22,"May 22","W 19",weekeday
16563,05-May-22,RT2,25,38,05-May-22,"May 22","W 19",weekeday
19559,05-May-22,RT2,23,41,05-May-22,"May 22","W 19",weekeday
19558,05-May-22,RT2,20,39,05-May-22,"May 22","W 19",weekeday
17559,05-May-22,RT2,26,39,05-May-22,"May 22","W 19",weekeday
16560,05-May-22,RT2,19,34,05-May-22,"May 22","W 19",weekeday
18562,05-May-22,RT2,22,34,05-May-22,"May 22","W 19",weekeday
18559,05-May-22,RT2,22,44,05-May-22,"May 22","W 19",weekeday
17562,05-May-22,RT2,13,30,05-May-22,"May 22","W 19",weekeday
17564,05-May-22,RT2,18,40,05-May-22,"May 22","W 19",weekeday
18560,05-May-22,RT2,26,40,05-May-22,"May 22","W 19",weekeday
19561,05-May-22,RT2,21,45,05-May-22,"May 22","W 19",weekeday
19563,05-May-22,RT3,14,29,05-May-22,"May 22","W 19",weekeday
18562,05-May-22,RT3,18,29,05-May-22,"May 22","W 19",weekeday
17562,05-May-22,RT3,11,27,05-May-22,"May 22","W 19",weekeday
16559,05-May-22,RT3,20,32,05-May-22,"May 22","W 19",weekeday
16558,05-May-22,RT3,4,8,05-May-22,"May 22","W 19",weekeday
18560,05-May-22,RT3,16,24,05-May-22,"May 22","W 19",weekeday
16563,05-May-22,RT3,14,20,05-May-22,"May 22","W 19",weekeday
16562,05-May-22,RT3,9,18,05-May-22,"May 22","W 19",weekeday
19558,05-May-22,RT3,9,21,05-May-22,"May 22","W 19",weekeday
17559,05-May-22,RT3,10,16,05-May-22,"May 22","W 19",weekeday
18559,05-May-22,RT3,10,23,05-May-22,"May 22","W 19",weekeday
18558,05-May-22,RT3,12,26,05-May-22,"May 22","W 19",weekeday
19560,05-May-22,RT3,12,19,05-May-22,"May 22","W 19",weekeday
17564,05-May-22,RT3,12,24,05-May-22,"May 22","W 19",weekeday
17561,05-May-22,RT3,11,19,05-May-22,"May 22","W 19",weekeday
19559,05-May-22,RT4,2,3,05-May-22,"May 22","W 19",weekeday
16558,05-May-22,RT4,2,3,05-May-22,"May 22","W 19",weekeday
16560,05-May-22,RT4,4,7,05-May-22,"May 22","W 19",weekeday
18561,05-May-22,RT4,5,9,05-May-22,"May 22","W 19",weekeday
17560,05-May-22,RT4,6,13,05-May-22,"May 22","W 19",weekeday
17564,05-May-22,RT4,7,17,05-May-22,"May 22","W 19",weekeday
18560,05-May-22,RT4,10,15,05-May-22,"May 22","W 19",weekeday
19560,05-May-22,RT4,10,16,05-May-22,"May 22","W 19",weekeday
17563,05-May-22,RT4,12,19,05-May-22,"May 22","W 19",weekeday
17559,05-May-22,RT4,8,14,05-May-22,"May 22","W 19",weekeday
18562,05-May-22,RT4,12,20,05-May-22,"May 22","W 19",weekeday
18563,05-May-22,RT4,10,18,05-May-22,"May 22","W 19",weekeday
16562,05-May-22,RT4,3,6,05-May-22,"May 22","W 19",weekeday
17562,05-May-22,RT4,3,6,05-May-22,"May 22","W 19",weekeday
19563,05-May-22,RT4,3,6,05-May-22,"May 22","W 19",weekeday
17561,05-May-22,RT4,3,4,05-May-22,"May 22","W 19",weekeday
19563,07-May-22,RT3,20,29,07-May-22,"May 22","W 19",weekend
19562,07-May-22,RT1,28,30,07-May-22,"May 22","W 19",weekend
17558,07-May-22,RT1,15,19,07-May-22,"May 22","W 19",weekend
17560,07-May-22,RT1,31,40,07-May-22,"May 22","W 19",weekend
19560,07-May-22,RT1,26,26,07-May-22,"May 22","W 19",weekend
16560,07-May-22,RT1,26,34,07-May-22,"May 22","W 19",weekend
16562,07-May-22,RT1,25,31,07-May-22,"May 22","W 19",weekend
17559,07-May-22,RT1,29,32,07-May-22,"May 22","W 19",weekend
17563,07-May-22,RT1,21,25,07-May-22,"May 22","W 19",weekend
18559,07-May-22,RT1,22,42,07-May-22,"May 22","W 19",weekend
18562,07-May-22,RT1,33,38,07-May-22,"May 22","W 19",weekend
19559,07-May-22,RT1,18,24,07-May-22,"May 22","W 19",weekend
19561,07-May-22,RT1,26,36,07-May-22,"May 22","W 19",weekend
19562,07-May-22,RT2,22,23,07-May-22,"May 22","W 19",weekend
17561,07-May-22,RT2,30,36,07-May-22,"May 22","W 19",weekend
16562,07-May-22,RT2,31,43,07-May-22,"May 22","W 19",weekend
16558,07-May-22,RT2,18,22,07-May-22,"May 22","W 19",weekend
16563,07-May-22,RT2,37,38,07-May-22,"May 22","W 19",weekend
19559,07-May-22,RT2,28,41,07-May-22,"May 22","W 19",weekend
19558,07-May-22,RT2,23,39,07-May-22,"May 22","W 19",weekend
16560,07-May-22,RT2,24,34,07-May-22,"May 22","W 19",weekend
18559,07-May-22,RT2,28,44,07-May-22,"May 22","W 19",weekend
17563,07-May-22,RT2,39,44,07-May-22,"May 22","W 19",weekend
18558,07-May-22,RT2,22,30,07-May-22,"May 22","W 19",weekend
18561,07-May-22,RT2,40,40,07-May-22,"May 22","W 19",weekend
18560,07-May-22,RT2,38,40,07-May-22,"May 22","W 19",weekend
17560,07-May-22,RT2,31,45,07-May-22,"May 22","W 19",weekend
19561,07-May-22,RT2,34,45,07-May-22,"May 22","W 19",weekend
16559,07-May-22,RT1,28,30,07-May-22,"May 22","W 19",weekend
19561,07-May-22,RT3,22,29,07-May-22,"May 22","W 19",weekend
17558,07-May-22,RT3,19,27,07-May-22,"May 22","W 19",weekend
19559,07-May-22,RT3,20,27,07-May-22,"May 22","W 19",weekend
16559,07-May-22,RT3,28,32,07-May-22,"May 22","W 19",weekend
17560,07-May-22,RT3,18,25,07-May-22,"May 22","W 19",weekend
16561,07-May-22,RT3,20,21,07-May-22,"May 22","W 19",weekend
17561,07-May-22,RT3,19,19,07-May-22,"May 22","W 19",weekend
18558,07-May-22,RT3,19,26,07-May-22,"May 22","W 19",weekend
18563,07-May-22,RT3,18,23,07-May-22,"May 22","W 19",weekend
17563,07-May-22,RT3,15,16,07-May-22,"May 22","W 19",weekend
17564,07-May-22,RT3,15,24,07-May-22,"May 22","W 19",weekend
16562,07-May-22,RT3,14,18,07-May-22,"May 22","W 19",weekend
19558,07-May-22,RT3,12,21,07-May-22,"May 22","W 19",weekend
16562,07-May-22,RT4,4,6,07-May-22,"May 22","W 19",weekend
17561,07-May-22,RT4,4,4,07-May-22,"May 22","W 19",weekend
17558,07-May-22,RT4,5,6,07-May-22,"May 22","W 19",weekend
19561,07-May-22,RT4,5,7,07-May-22,"May 22","W 19",weekend
16561,07-May-22,RT4,9,10,07-May-22,"May 22","W 19",weekend
18561,07-May-22,RT4,8,9,07-May-22,"May 22","W 19",weekend
18560,07-May-22,RT4,14,15,07-May-22,"May 22","W 19",weekend
18559,07-May-22,RT4,13,19,07-May-22,"May 22","W 19",weekend
19562,07-May-22,RT4,13,14,07-May-22,"May 22","W 19",weekend
18558,07-May-22,RT4,15,20,07-May-22,"May 22","W 19",weekend
18562,07-May-22,RT4,19,20,07-May-22,"May 22","W 19",weekend
18563,07-May-22,RT4,12,18,07-May-22,"May 22","W 19",weekend
16563,07-May-22,RT4,15,18,07-May-22,"May 22","W 19",weekend
17562,07-May-22,RT4,3,6,07-May-22,"May 22","W 19",weekend
16559,08-May-22,RT1,28,30,08-May-22,"May 22","W 20",weekend
18560,08-May-22,RT1,25,30,08-May-22,"May 22","W 20",weekend
19563,08-May-22,RT1,22,30,08-May-22,"May 22","W 20",weekend
16558,08-May-22,RT1,18,19,08-May-22,"May 22","W 20",weekend
19558,08-May-22,RT1,23,40,08-May-22,"May 22","W 20",weekend
17561,08-May-22,RT1,26,26,08-May-22,"May 22","W 20",weekend
16561,08-May-22,RT1,15,18,08-May-22,"May 22","W 20",weekend
16563,08-May-22,RT1,39,41,08-May-22,"May 22","W 20",weekend
17562,08-May-22,RT1,12,20,08-May-22,"May 22","W 20",weekend
18558,08-May-22,RT1,12,15,08-May-22,"May 22","W 20",weekend
18561,08-May-22,RT1,28,33,08-May-22,"May 22","W 20",weekend
19559,08-May-22,RT1,18,24,08-May-22,"May 22","W 20",weekend
19561,08-May-22,RT1,26,36,08-May-22,"May 22","W 20",weekend
17564,08-May-22,RT1,10,16,08-May-22,"May 22","W 20",weekend
19562,08-May-22,RT2,23,23,08-May-22,"May 22","W 20",weekend
17561,08-May-22,RT2,32,36,08-May-22,"May 22","W 20",weekend
16562,08-May-22,RT2,31,43,08-May-22,"May 22","W 20",weekend
16558,08-May-22,RT2,20,22,08-May-22,"May 22","W 20",weekend
16563,08-May-22,RT2,33,38,08-May-22,"May 22","W 20",weekend
19559,08-May-22,RT2,29,41,08-May-22,"May 22","W 20",weekend
17559,08-May-22,RT2,35,39,08-May-22,"May 22","W 20",weekend
18562,08-May-22,RT2,32,34,08-May-22,"May 22","W 20",weekend
17563,08-May-22,RT2,37,44,08-May-22,"May 22","W 20",weekend
18558,08-May-22,RT2,22,30,08-May-22,"May 22","W 20",weekend
18561,08-May-22,RT2,40,40,08-May-22,"May 22","W 20",weekend
17560,08-May-22,RT2,32,45,08-May-22,"May 22","W 20",weekend
19563,08-May-22,RT2,32,45,08-May-22,"May 22","W 20",weekend
19563,08-May-22,RT3,21,29,08-May-22,"May 22","W 20",weekend
19561,08-May-22,RT3,22,29,08-May-22,"May 22","W 20",weekend
17558,08-May-22,RT3,21,27,08-May-22,"May 22","W 20",weekend
19559,08-May-22,RT3,20,27,08-May-22,"May 22","W 20",weekend
17560,08-May-22,RT3,19,25,08-May-22,"May 22","W 20",weekend
16561,08-May-22,RT3,18,21,08-May-22,"May 22","W 20",weekend
17561,08-May-22,RT3,17,19,08-May-22,"May 22","W 20",weekend
18558,08-May-22,RT3,20,26,08-May-22,"May 22","W 20",weekend
18560,08-May-22,RT3,24,24,08-May-22,"May 22","W 20",weekend
19560,08-May-22,RT3,16,19,08-May-22,"May 22","W 20",weekend
16560,08-May-22,RT3,15,20,08-May-22,"May 22","W 20",weekend
17559,08-May-22,RT3,15,16,08-May-22,"May 22","W 20",weekend
16558,08-May-22,RT3,8,8,08-May-22,"May 22","W 20",weekend
16562,08-May-22,RT3,14,18,08-May-22,"May 22","W 20",weekend
19559,08-May-22,RT4,2,3,08-May-22,"May 22","W 20",weekend
17562,08-May-22,RT4,4,6,08-May-22,"May 22","W 20",weekend
17561,08-May-22,RT4,4,4,08-May-22,"May 22","W 20",weekend
16562,08-May-22,RT4,5,6,08-May-22,"May 22","W 20",weekend
19558,08-May-22,RT4,5,7,08-May-22,"May 22","W 20",weekend
19561,08-May-22,RT4,5,7,08-May-22,"May 22","W 20",weekend
16561,08-May-22,RT4,9,10,08-May-22,"May 22","W 20",weekend
18561,08-May-22,RT4,8,9,08-May-22,"May 22","W 20",weekend
18560,08-May-22,RT4,15,15,08-May-22,"May 22","W 20",weekend
18559,08-May-22,RT4,12,19,08-May-22,"May 22","W 20",weekend
19562,08-May-22,RT4,13,14,08-May-22,"May 22","W 20",weekend
18558,08-May-22,RT4,14,20,08-May-22,"May 22","W 20",weekend
18563,08-May-22,RT4,14,18,08-May-22,"May 22","W 20",weekend
16559,08-May-22,RT4,17,18,08-May-22,"May 22","W 20",weekend
19563,10-May-22,RT3,15,29,10-May-22,"May 22","W 20",weekeday
18560,10-May-22,RT1,19,30,10-May-22,"May 22","W 20",weekeday
19563,10-May-22,RT1,16,30,10-May-22,"May 22","W 20",weekeday
16558,10-May-22,RT1,10,19,10-May-22,"May 22","W 20",weekeday
19558,10-May-22,RT1,18,40,10-May-22,"May 22","W 20",weekeday
19560,10-May-22,RT1,17,26,10-May-22,"May 22","W 20",weekeday
16560,10-May-22,RT1,16,34,10-May-22,"May 22","W 20",weekeday
16562,10-May-22,RT1,14,31,10-May-22,"May 22","W 20",weekeday
16563,10-May-22,RT1,26,41,10-May-22,"May 22","W 20",weekeday
17559,10-May-22,RT1,20,32,10-May-22,"May 22","W 20",weekeday
17562,10-May-22,RT1,9,20,10-May-22,"May 22","W 20",weekeday
18558,10-May-22,RT1,8,15,10-May-22,"May 22","W 20",weekeday
18562,10-May-22,RT1,23,38,10-May-22,"May 22","W 20",weekeday
18563,10-May-22,RT1,15,27,10-May-22,"May 22","W 20",weekeday
19559,10-May-22,RT1,14,24,10-May-22,"May 22","W 20",weekeday
19561,10-May-22,RT1,18,36,10-May-22,"May 22","W 20",weekeday
19562,10-May-22,RT2,15,23,10-May-22,"May 22","W 20",weekeday
17561,10-May-22,RT2,22,36,10-May-22,"May 22","W 20",weekeday
16562,10-May-22,RT2,24,43,10-May-22,"May 22","W 20",weekeday
16558,10-May-22,RT2,12,22,10-May-22,"May 22","W 20",weekeday
16563,10-May-22,RT2,23,38,10-May-22,"May 22","W 20",weekeday
19559,10-May-22,RT2,19,41,10-May-22,"May 22","W 20",weekeday
19558,10-May-22,RT2,14,39,10-May-22,"May 22","W 20",weekeday
16560,10-May-22,RT2,19,34,10-May-22,"May 22","W 20",weekeday
18559,10-May-22,RT2,22,44,10-May-22,"May 22","W 20",weekeday
17562,10-May-22,RT2,11,30,10-May-22,"May 22","W 20",weekeday
17564,10-May-22,RT2,17,40,10-May-22,"May 22","W 20",weekeday
18561,10-May-22,RT2,25,40,10-May-22,"May 22","W 20",weekeday
17560,10-May-22,RT2,23,45,10-May-22,"May 22","W 20",weekeday
19563,10-May-22,RT2,25,45,10-May-22,"May 22","W 20",weekeday
19562,10-May-22,RT3,19,29,10-May-22,"May 22","W 20",weekeday
18562,10-May-22,RT3,19,29,10-May-22,"May 22","W 20",weekeday
17562,10-May-22,RT3,12,27,10-May-22,"May 22","W 20",weekeday
16559,10-May-22,RT3,20,32,10-May-22,"May 22","W 20",weekeday
18561,10-May-22,RT3,17,25,10-May-22,"May 22","W 20",weekeday
16561,10-May-22,RT3,14,21,10-May-22,"May 22","W 20",weekeday
17560,10-May-22,RT3,14,25,10-May-22,"May 22","W 20",weekeday
16560,10-May-22,RT3,9,20,10-May-22,"May 22","W 20",weekeday
17563,10-May-22,RT3,9,16,10-May-22,"May 22","W 20",weekeday
17564,10-May-22,RT3,9,24,10-May-22,"May 22","W 20",weekeday
18559,10-May-22,RT3,10,23,10-May-22,"May 22","W 20",weekeday
17561,10-May-22,RT3,12,19,10-May-22,"May 22","W 20",weekeday
19559,10-May-22,RT4,2,3,10-May-22,"May 22","W 20",weekeday
16562,10-May-22,RT4,4,6,10-May-22,"May 22","W 20",weekeday
18561,10-May-22,RT4,5,9,10-May-22,"May 22","W 20",weekeday
17560,10-May-22,RT4,6,13,10-May-22,"May 22","W 20",weekeday
17564,10-May-22,RT4,7,17,10-May-22,"May 22","W 20",weekeday
19560,10-May-22,RT4,11,16,10-May-22,"May 22","W 20",weekeday
17563,10-May-22,RT4,12,19,10-May-22,"May 22","W 20",weekeday
17559,10-May-22,RT4,10,14,10-May-22,"May 22","W 20",weekeday
18562,10-May-22,RT4,13,20,10-May-22,"May 22","W 20",weekeday
16563,10-May-22,RT4,11,18,10-May-22,"May 22","W 20",weekeday
17558,10-May-22,RT4,3,6,10-May-22,"May 22","W 20",weekeday
19563,10-May-22,RT4,3,6,10-May-22,"May 22","W 20",weekeday
19561,10-May-22,RT4,3,7,10-May-22,"May 22","W 20",weekeday
16559,11-May-22,RT1,17,30,11-May-22,"May 22","W 20",weekeday
19563,11-May-22,RT1,15,30,11-May-22,"May 22","W 20",weekeday
16558,11-May-22,RT1,12,19,11-May-22,"May 22","W 20",weekeday
19558,11-May-22,RT1,19,40,11-May-22,"May 22","W 20",weekeday
17561,11-May-22,RT1,17,26,11-May-22,"May 22","W 20",weekeday
16561,11-May-22,RT1,9,18,11-May-22,"May 22","W 20",weekeday
16563,11-May-22,RT1,28,41,11-May-22,"May 22","W 20",weekeday
17559,11-May-22,RT1,23,32,11-May-22,"May 22","W 20",weekeday
17563,11-May-22,RT1,16,25,11-May-22,"May 22","W 20",weekeday
18559,11-May-22,RT1,18,42,11-May-22,"May 22","W 20",weekeday
18562,11-May-22,RT1,24,38,11-May-22,"May 22","W 20",weekeday
19559,11-May-22,RT1,13,24,11-May-22,"May 22","W 20",weekeday
17564,11-May-22,RT1,7,16,11-May-22,"May 22","W 20",weekeday
18563,11-May-22,RT2,15,29,11-May-22,"May 22","W 20",weekeday
17561,11-May-22,RT2,23,36,11-May-22,"May 22","W 20",weekeday
17558,11-May-22,RT2,26,50,11-May-22,"May 22","W 20",weekeday
16562,11-May-22,RT2,21,43,11-May-22,"May 22","W 20",weekeday
19560,11-May-22,RT2,26,38,11-May-22,"May 22","W 20",weekeday
16563,11-May-22,RT2,24,38,11-May-22,"May 22","W 20",weekeday
19559,11-May-22,RT2,19,41,11-May-22,"May 22","W 20",weekeday
17559,11-May-22,RT2,22,39,11-May-22,"May 22","W 20",weekeday
18562,11-May-22,RT2,20,34,11-May-22,"May 22","W 20",weekeday
17563,11-May-22,RT2,28,44,11-May-22,"May 22","W 20",weekeday
18558,11-May-22,RT2,15,30,11-May-22,"May 22","W 20",weekeday
18561,11-May-22,RT2,28,40,11-May-22,"May 22","W 20",weekeday
17560,11-May-22,RT2,24,45,11-May-22,"May 22","W 20",weekeday
19563,11-May-22,RT2,23,45,11-May-22,"May 22","W 20",weekeday
18560,11-May-22,RT1,20,30,11-May-22,"May 22","W 20",weekeday
19561,11-May-22,RT3,15,29,11-May-22,"May 22","W 20",weekeday
17558,11-May-22,RT3,14,27,11-May-22,"May 22","W 20",weekeday
19559,11-May-22,RT3,13,27,11-May-22,"May 22","W 20",weekeday
16558,11-May-22,RT3,5,8,11-May-22,"May 22","W 20",weekeday
18561,11-May-22,RT3,15,25,11-May-22,"May 22","W 20",weekeday
17560,11-May-22,RT3,14,25,11-May-22,"May 22","W 20",weekeday
18560,11-May-22,RT3,14,24,11-May-22,"May 22","W 20",weekeday
17559,11-May-22,RT3,9,16,11-May-22,"May 22","W 20",weekeday
18559,11-May-22,RT3,9,23,11-May-22,"May 22","W 20",weekeday
17564,11-May-22,RT3,9,24,11-May-22,"May 22","W 20",weekeday
16562,11-May-22,RT3,10,18,11-May-22,"May 22","W 20",weekeday
18563,11-May-22,RT3,10,23,11-May-22,"May 22","W 20",weekeday
16561,11-May-22,RT3,12,21,11-May-22,"May 22","W 20",weekeday
17561,11-May-22,RT3,12,19,11-May-22,"May 22","W 20",weekeday
16560,11-May-22,RT3,11,20,11-May-22,"May 22","W 20",weekeday
19561,11-May-22,RT4,4,7,11-May-22,"May 22","W 20",weekeday
17560,11-May-22,RT4,6,13,11-May-22,"May 22","W 20",weekeday
19559,11-May-22,RT4,1,3,11-May-22,"May 22","W 20",weekeday
17564,11-May-22,RT4,8,17,11-May-22,"May 22","W 20",weekeday
19560,11-May-22,RT4,11,16,11-May-22,"May 22","W 20",weekeday
17563,11-May-22,RT4,12,19,11-May-22,"May 22","W 20",weekeday
17559,11-May-22,RT4,9,14,11-May-22,"May 22","W 20",weekeday
18562,11-May-22,RT4,12,20,11-May-22,"May 22","W 20",weekeday
16563,11-May-22,RT4,10,18,11-May-22,"May 22","W 20",weekeday
16559,11-May-22,RT4,12,18,11-May-22,"May 22","W 20",weekeday
17558,11-May-22,RT4,3,6,11-May-22,"May 22","W 20",weekeday
19563,11-May-22,RT4,3,6,11-May-22,"May 22","W 20",weekeday
19558,11-May-22,RT4,3,7,11-May-22,"May 22","W 20",weekeday
16559,12-May-22,RT1,19,30,12-May-22,"May 22","W 20",weekeday
19562,12-May-22,RT1,18,30,12-May-22,"May 22","W 20",weekeday
17558,12-May-22,RT1,11,19,12-May-22,"May 22","W 20",weekeday
17560,12-May-22,RT1,19,40,12-May-22,"May 22","W 20",weekeday
19560,12-May-22,RT1,17,26,12-May-22,"May 22","W 20",weekeday
16560,12-May-22,RT1,17,34,12-May-22,"May 22","W 20",weekeday
16562,12-May-22,RT1,13,31,12-May-22,"May 22","W 20",weekeday
17559,12-May-22,RT1,22,32,12-May-22,"May 22","W 20",weekeday
17563,12-May-22,RT1,15,25,12-May-22,"May 22","W 20",weekeday
18559,12-May-22,RT1,16,42,12-May-22,"May 22","W 20",weekeday
18562,12-May-22,RT1,24,38,12-May-22,"May 22","W 20",weekeday
19559,12-May-22,RT1,12,24,12-May-22,"May 22","W 20",weekeday
17564,12-May-22,RT1,6,16,12-May-22,"May 22","W 20",weekeday
18563,12-May-22,RT2,15,29,12-May-22,"May 22","W 20",weekeday
17558,12-May-22,RT2,28,50,12-May-22,"May 22","W 20",weekeday
16561,12-May-22,RT2,15,24,12-May-22,"May 22","W 20",weekeday
16558,12-May-22,RT2,12,22,12-May-22,"May 22","W 20",weekeday
16563,12-May-22,RT2,23,38,12-May-22,"May 22","W 20",weekeday
19559,12-May-22,RT2,19,41,12-May-22,"May 22","W 20",weekeday
17559,12-May-22,RT2,23,39,12-May-22,"May 22","W 20",weekeday
18562,12-May-22,RT2,20,34,12-May-22,"May 22","W 20",weekeday
17563,12-May-22,RT2,28,44,12-May-22,"May 22","W 20",weekeday
18558,12-May-22,RT2,16,30,12-May-22,"May 22","W 20",weekeday
17564,12-May-22,RT2,15,40,12-May-22,"May 22","W 20",weekeday
18560,12-May-22,RT2,27,40,12-May-22,"May 22","W 20",weekeday
19561,12-May-22,RT2,22,45,12-May-22,"May 22","W 20",weekeday
19563,12-May-22,RT3,15,29,12-May-22,"May 22","W 20",weekeday
19561,12-May-22,RT3,15,29,12-May-22,"May 22","W 20",weekeday
17558,12-May-22,RT3,12,27,12-May-22,"May 22","W 20",weekeday
17562,12-May-22,RT3,10,27,12-May-22,"May 22","W 20",weekeday
19559,12-May-22,RT3,13,27,12-May-22,"May 22","W 20",weekeday
16559,12-May-22,RT3,23,32,12-May-22,"May 22","W 20",weekeday
18561,12-May-22,RT3,17,25,12-May-22,"May 22","W 20",weekeday
16561,12-May-22,RT3,13,21,12-May-22,"May 22","W 20",weekeday
19558,12-May-22,RT3,9,21,12-May-22,"May 22","W 20",weekeday
16560,12-May-22,RT3,10,20,12-May-22,"May 22","W 20",weekeday
17560,12-May-22,RT3,12,25,12-May-22,"May 22","W 20",weekeday
18558,12-May-22,RT3,12,26,12-May-22,"May 22","W 20",weekeday
16563,12-May-22,RT3,11,20,12-May-22,"May 22","W 20",weekeday
17561,12-May-22,RT3,11,19,12-May-22,"May 22","W 20",weekeday
18563,12-May-22,RT3,11,23,12-May-22,"May 22","W 20",weekeday
19560,12-May-22,RT3,11,19,12-May-22,"May 22","W 20",weekeday
16558,12-May-22,RT4,2,3,12-May-22,"May 22","W 20",weekeday
16561,12-May-22,RT4,6,10,12-May-22,"May 22","W 20",weekeday
17560,12-May-22,RT4,7,13,12-May-22,"May 22","W 20",weekeday
17564,12-May-22,RT4,7,17,12-May-22,"May 22","W 20",weekeday
19560,12-May-22,RT4,9,16,12-May-22,"May 22","W 20",weekeday
17563,12-May-22,RT4,12,19,12-May-22,"May 22","W 20",weekeday
17559,12-May-22,RT4,10,14,12-May-22,"May 22","W 20",weekeday
18562,12-May-22,RT4,13,20,12-May-22,"May 22","W 20",weekeday
16563,12-May-22,RT4,11,18,12-May-22,"May 22","W 20",weekeday
16562,12-May-22,RT4,3,6,12-May-22,"May 22","W 20",weekeday
17562,12-May-22,RT4,3,6,12-May-22,"May 22","W 20",weekeday
16560,12-May-22,RT4,3,7,12-May-22,"May 22","W 20",weekeday
19558,12-May-22,RT4,3,7,12-May-22,"May 22","W 20",weekeday
19563,13-May-22,RT3,15,29,13-May-22,"May 22","W 20",weekeday
18560,13-May-22,RT1,18,30,13-May-22,"May 22","W 20",weekeday
19563,13-May-22,RT1,18,30,13-May-22,"May 22","W 20",weekeday
16558,13-May-22,RT1,12,19,13-May-22,"May 22","W 20",weekeday
19558,13-May-22,RT1,17,40,13-May-22,"May 22","W 20",weekeday
17561,13-May-22,RT1,17,26,13-May-22,"May 22","W 20",weekeday
16561,13-May-22,RT1,14,18,13-May-22,"May 22","W 20",weekeday
16562,13-May-22,RT1,14,31,13-May-22,"May 22","W 20",weekeday
17559,13-May-22,RT1,21,32,13-May-22,"May 22","W 20",weekeday
17563,13-May-22,RT1,15,25,13-May-22,"May 22","W 20",weekeday
18561,13-May-22,RT1,21,33,13-May-22,"May 22","W 20",weekeday
18563,13-May-22,RT1,13,27,13-May-22,"May 22","W 20",weekeday
19561,13-May-22,RT1,17,36,13-May-22,"May 22","W 20",weekeday
17564,13-May-22,RT1,7,16,13-May-22,"May 22","W 20",weekeday
18563,13-May-22,RT2,15,29,13-May-22,"May 22","W 20",weekeday
16562,13-May-22,RT2,21,43,13-May-22,"May 22","W 20",weekeday
16558,13-May-22,RT2,14,22,13-May-22,"May 22","W 20",weekeday
16563,13-May-22,RT2,24,38,13-May-22,"May 22","W 20",weekeday
16559,13-May-22,RT2,22,41,13-May-22,"May 22","W 20",weekeday
19558,13-May-22,RT2,16,39,13-May-22,"May 22","W 20",weekeday
16560,13-May-22,RT2,17,34,13-May-22,"May 22","W 20",weekeday
18559,13-May-22,RT2,20,44,13-May-22,"May 22","W 20",weekeday
17562,13-May-22,RT2,15,30,13-May-22,"May 22","W 20",weekeday
17564,13-May-22,RT2,17,40,13-May-22,"May 22","W 20",weekeday
18560,13-May-22,RT2,23,40,13-May-22,"May 22","W 20",weekeday
17560,13-May-22,RT2,22,45,13-May-22,"May 22","W 20",weekeday
19563,13-May-22,RT2,26,45,13-May-22,"May 22","W 20",weekeday
19561,13-May-22,RT3,17,29,13-May-22,"May 22","W 20",weekeday
17558,13-May-22,RT3,15,27,13-May-22,"May 22","W 20",weekeday
19559,13-May-22,RT3,14,27,13-May-22,"May 22","W 20",weekeday
16558,13-May-22,RT3,5,8,13-May-22,"May 22","W 20",weekeday
16562,13-May-22,RT3,8,18,13-May-22,"May 22","W 20",weekeday
17560,13-May-22,RT3,13,25,13-May-22,"May 22","W 20",weekeday
18560,13-May-22,RT3,14,24,13-May-22,"May 22","W 20",weekeday
17559,13-May-22,RT3,9,16,13-May-22,"May 22","W 20",weekeday
18559,13-May-22,RT3,9,23,13-May-22,"May 22","W 20",weekeday
17561,13-May-22,RT3,12,19,13-May-22,"May 22","W 20",weekeday
19560,13-May-22,RT3,12,19,13-May-22,"May 22","W 20",weekeday
16563,13-May-22,RT3,11,20,13-May-22,"May 22","W 20",weekeday
19559,13-May-22,RT4,2,3,13-May-22,"May 22","W 20",weekeday
16560,13-May-22,RT4,4,7,13-May-22,"May 22","W 20",weekeday
16561,13-May-22,RT4,5,10,13-May-22,"May 22","W 20",weekeday
17560,13-May-22,RT4,6,13,13-May-22,"May 22","W 20",weekeday
17564,13-May-22,RT4,7,17,13-May-22,"May 22","W 20",weekeday
18560,13-May-22,RT4,10,15,13-May-22,"May 22","W 20",weekeday
18559,13-May-22,RT4,9,19,13-May-22,"May 22","W 20",weekeday
19562,13-May-22,RT4,8,14,13-May-22,"May 22","W 20",weekeday
17559,13-May-22,RT4,9,14,13-May-22,"May 22","W 20",weekeday
18558,13-May-22,RT4,11,20,13-May-22,"May 22","W 20",weekeday
18562,13-May-22,RT4,14,20,13-May-22,"May 22","W 20",weekeday
16563,13-May-22,RT4,12,18,13-May-22,"May 22","W 20",weekeday
16562,13-May-22,RT4,3,6,13-May-22,"May 22","W 20",weekeday
17562,13-May-22,RT4,3,6,13-May-22,"May 22","W 20",weekeday
19558,13-May-22,RT4,3,7,13-May-22,"May 22","W 20",weekeday
17561,13-May-22,RT4,3,4,13-May-22,"May 22","W 20",weekeday
18560,15-May-22,RT1,22,30,15-May-22,"May 22","W 21",weekend
19563,15-May-22,RT1,18,30,15-May-22,"May 22","W 21",weekend
16558,15-May-22,RT1,14,19,15-May-22,"May 22","W 21",weekend
19558,15-May-22,RT1,22,40,15-May-22,"May 22","W 21",weekend
19560,15-May-22,RT1,18,26,15-May-22,"May 22","W 21",weekend
17561,15-May-22,RT1,19,26,15-May-22,"May 22","W 21",weekend
16560,15-May-22,RT1,22,34,15-May-22,"May 22","W 21",weekend
16562,15-May-22,RT1,18,31,15-May-22,"May 22","W 21",weekend
17559,15-May-22,RT1,22,32,15-May-22,"May 22","W 21",weekend
17563,15-May-22,RT1,17,25,15-May-22,"May 22","W 21",weekend
18559,15-May-22,RT1,23,42,15-May-22,"May 22","W 21",weekend
18562,15-May-22,RT1,24,38,15-May-22,"May 22","W 21",weekend
18563,15-May-22,RT1,18,27,15-May-22,"May 22","W 21",weekend
19561,15-May-22,RT1,23,36,15-May-22,"May 22","W 21",weekend
19562,15-May-22,RT2,17,23,15-May-22,"May 22","W 21",weekend
17561,15-May-22,RT2,25,36,15-May-22,"May 22","W 21",weekend
16562,15-May-22,RT2,24,43,15-May-22,"May 22","W 21",weekend
16558,15-May-22,RT2,15,22,15-May-22,"May 22","W 21",weekend
16563,15-May-22,RT2,30,38,15-May-22,"May 22","W 21",weekend
19559,15-May-22,RT2,25,41,15-May-22,"May 22","W 21",weekend
17559,15-May-22,RT2,33,39,15-May-22,"May 22","W 21",weekend
18562,15-May-22,RT2,25,34,15-May-22,"May 22","W 21",weekend
17563,15-May-22,RT2,34,44,15-May-22,"May 22","W 21",weekend
18558,15-May-22,RT2,19,30,15-May-22,"May 22","W 21",weekend
17564,15-May-22,RT2,20,40,15-May-22,"May 22","W 21",weekend
18561,15-May-22,RT2,28,40,15-May-22,"May 22","W 21",weekend
18560,15-May-22,RT2,31,40,15-May-22,"May 22","W 21",weekend
19561,15-May-22,RT2,29,45,15-May-22,"May 22","W 21",weekend
19563,15-May-22,RT3,19,29,15-May-22,"May 22","W 21",weekend
19561,15-May-22,RT3,19,29,15-May-22,"May 22","W 21",weekend
17558,15-May-22,RT3,17,27,15-May-22,"May 22","W 21",weekend
17562,15-May-22,RT3,14,27,15-May-22,"May 22","W 21",weekend
19559,15-May-22,RT3,14,27,15-May-22,"May 22","W 21",weekend
16559,15-May-22,RT3,22,32,15-May-22,"May 22","W 21",weekend
17560,15-May-22,RT3,17,25,15-May-22,"May 22","W 21",weekend
18560,15-May-22,RT3,17,24,15-May-22,"May 22","W 21",weekend
17561,15-May-22,RT3,15,19,15-May-22,"May 22","W 21",weekend
17559,15-May-22,RT3,13,16,15-May-22,"May 22","W 21",weekend
17564,15-May-22,RT3,13,24,15-May-22,"May 22","W 21",weekend
18563,15-May-22,RT3,14,23,15-May-22,"May 22","W 21",weekend
19558,15-May-22,RT3,10,21,15-May-22,"May 22","W 21",weekend
16560,15-May-22,RT3,11,20,15-May-22,"May 22","W 21",weekend
18559,15-May-22,RT3,11,23,15-May-22,"May 22","W 21",weekend
19559,15-May-22,RT4,2,3,15-May-22,"May 22","W 21",weekend
16558,15-May-22,RT4,2,3,15-May-22,"May 22","W 21",weekend
19561,15-May-22,RT4,4,7,15-May-22,"May 22","W 21",weekend
16561,15-May-22,RT4,8,10,15-May-22,"May 22","W 21",weekend
17560,15-May-22,RT4,9,13,15-May-22,"May 22","W 21",weekend
18561,15-May-22,RT4,7,9,15-May-22,"May 22","W 21",weekend
18560,15-May-22,RT4,12,15,15-May-22,"May 22","W 21",weekend
18559,15-May-22,RT4,10,19,15-May-22,"May 22","W 21",weekend
19562,15-May-22,RT4,12,14,15-May-22,"May 22","W 21",weekend
18558,15-May-22,RT4,13,20,15-May-22,"May 22","W 21",weekend
18562,15-May-22,RT4,17,20,15-May-22,"May 22","W 21",weekend
16563,15-May-22,RT4,12,18,15-May-22,"May 22","W 21",weekend
16562,15-May-22,RT4,3,6,15-May-22,"May 22","W 21",weekend
17562,15-May-22,RT4,3,6,15-May-22,"May 22","W 21",weekend
17561,15-May-22,RT4,3,4,15-May-22,"May 22","W 21",weekend
18560,16-May-22,RT1,17,30,16-May-22,"May 22","W 21",weekeday
19562,16-May-22,RT1,15,30,16-May-22,"May 22","W 21",weekeday
19563,16-May-22,RT1,11,30,16-May-22,"May 22","W 21",weekeday
17558,16-May-22,RT1,8,19,16-May-22,"May 22","W 21",weekeday
17560,16-May-22,RT1,17,40,16-May-22,"May 22","W 21",weekeday
19560,16-May-22,RT1,16,26,16-May-22,"May 22","W 21",weekeday
16560,16-May-22,RT1,13,34,16-May-22,"May 22","W 21",weekeday
16561,16-May-22,RT1,11,18,16-May-22,"May 22","W 21",weekeday
16563,16-May-22,RT1,20,41,16-May-22,"May 22","W 21",weekeday
17562,16-May-22,RT1,7,20,16-May-22,"May 22","W 21",weekeday
18559,16-May-22,RT1,15,42,16-May-22,"May 22","W 21",weekeday
18562,16-May-22,RT1,19,38,16-May-22,"May 22","W 21",weekeday
18563,16-May-22,RT1,12,27,16-May-22,"May 22","W 21",weekeday
19559,16-May-22,RT1,10,24,16-May-22,"May 22","W 21",weekeday
19561,16-May-22,RT1,14,36,16-May-22,"May 22","W 21",weekeday
17564,16-May-22,RT1,5,16,16-May-22,"May 22","W 21",weekeday
19562,16-May-22,RT2,11,23,16-May-22,"May 22","W 21",weekeday
17558,16-May-22,RT2,21,50,16-May-22,"May 22","W 21",weekeday
16561,16-May-22,RT2,12,24,16-May-22,"May 22","W 21",weekeday
19560,16-May-22,RT2,18,38,16-May-22,"May 22","W 21",weekeday
16559,16-May-22,RT2,23,41,16-May-22,"May 22","W 21",weekeday
19558,16-May-22,RT2,13,39,16-May-22,"May 22","W 21",weekeday
16560,16-May-22,RT2,13,34,16-May-22,"May 22","W 21",weekeday
18559,16-May-22,RT2,15,44,16-May-22,"May 22","W 21",weekeday
17562,16-May-22,RT2,11,30,16-May-22,"May 22","W 21",weekeday
18558,16-May-22,RT2,12,30,16-May-22,"May 22","W 21",weekeday
18561,16-May-22,RT2,22,40,16-May-22,"May 22","W 21",weekeday
17560,16-May-22,RT2,21,45,16-May-22,"May 22","W 21",weekeday
19563,16-May-22,RT2,19,45,16-May-22,"May 22","W 21",weekeday
19562,16-May-22,RT3,17,29,16-May-22,"May 22","W 21",weekeday
18562,16-May-22,RT3,17,29,16-May-22,"May 22","W 21",weekeday
17558,16-May-22,RT3,9,27,16-May-22,"May 22","W 21",weekeday
19559,16-May-22,RT3,12,27,16-May-22,"May 22","W 21",weekeday
17564,16-May-22,RT3,7,24,16-May-22,"May 22","W 21",weekeday
16562,16-May-22,RT3,8,18,16-May-22,"May 22","W 21",weekeday
17563,16-May-22,RT3,8,16,16-May-22,"May 22","W 21",weekeday
19558,16-May-22,RT3,8,21,16-May-22,"May 22","W 21",weekeday
16559,16-May-22,RT3,14,32,16-May-22,"May 22","W 21",weekeday
17561,16-May-22,RT3,9,19,16-May-22,"May 22","W 21",weekeday
16561,16-May-22,RT3,10,21,16-May-22,"May 22","W 21",weekeday
18559,16-May-22,RT3,10,23,16-May-22,"May 22","W 21",weekeday
16563,16-May-22,RT3,11,20,16-May-22,"May 22","W 21",weekeday
18558,16-May-22,RT3,11,26,16-May-22,"May 22","W 21",weekeday
16560,16-May-22,RT4,2,7,16-May-22,"May 22","W 21",weekeday
17561,16-May-22,RT4,2,4,16-May-22,"May 22","W 21",weekeday
16558,16-May-22,RT4,2,3,16-May-22,"May 22","W 21",weekeday
17560,16-May-22,RT4,5,13,16-May-22,"May 22","W 21",weekeday
18560,16-May-22,RT4,8,15,16-May-22,"May 22","W 21",weekeday
18559,16-May-22,RT4,8,19,16-May-22,"May 22","W 21",weekeday
17563,16-May-22,RT4,9,19,16-May-22,"May 22","W 21",weekeday
17559,16-May-22,RT4,8,14,16-May-22,"May 22","W 21",weekeday
18562,16-May-22,RT4,9,20,16-May-22,"May 22","W 21",weekeday
16563,16-May-22,RT4,9,18,16-May-22,"May 22","W 21",weekeday
17558,16-May-22,RT4,3,6,16-May-22,"May 22","W 21",weekeday
19563,16-May-22,RT4,3,6,16-May-22,"May 22","W 21",weekeday
19561,16-May-22,RT4,3,7,16-May-22,"May 22","W 21",weekeday
18561,16-May-22,RT4,3,9,16-May-22,"May 22","W 21",weekeday
16559,18-May-22,RT1,15,30,18-May-22,"May 22","W 21",weekeday
19562,18-May-22,RT1,12,30,18-May-22,"May 22","W 21",weekeday
17558,18-May-22,RT1,9,19,18-May-22,"May 22","W 21",weekeday
17560,18-May-22,RT1,16,40,18-May-22,"May 22","W 21",weekeday
19560,18-May-22,RT1,16,26,18-May-22,"May 22","W 21",weekeday
16560,18-May-22,RT1,13,34,18-May-22,"May 22","W 21",weekeday
16562,18-May-22,RT1,12,31,18-May-22,"May 22","W 21",weekeday
17559,18-May-22,RT1,18,32,18-May-22,"May 22","W 21",weekeday
17562,18-May-22,RT1,8,20,18-May-22,"May 22","W 21",weekeday
18559,18-May-22,RT1,14,42,18-May-22,"May 22","W 21",weekeday
18561,18-May-22,RT1,14,33,18-May-22,"May 22","W 21",weekeday
18562,18-May-22,RT1,21,38,18-May-22,"May 22","W 21",weekeday
18563,18-May-22,RT1,11,27,18-May-22,"May 22","W 21",weekeday
19561,18-May-22,RT1,15,36,18-May-22,"May 22","W 21",weekeday
19562,18-May-22,RT2,13,23,18-May-22,"May 22","W 21",weekeday
17561,18-May-22,RT2,19,36,18-May-22,"May 22","W 21",weekeday
17558,18-May-22,RT2,21,50,18-May-22,"May 22","W 21",weekeday
16561,18-May-22,RT2,11,24,18-May-22,"May 22","W 21",weekeday
19560,18-May-22,RT2,18,38,18-May-22,"May 22","W 21",weekeday
16559,18-May-22,RT2,18,41,18-May-22,"May 22","W 21",weekeday
19558,18-May-22,RT2,12,39,18-May-22,"May 22","W 21",weekeday
16560,18-May-22,RT2,13,34,18-May-22,"May 22","W 21",weekeday
18559,18-May-22,RT2,16,44,18-May-22,"May 22","W 21",weekeday
17563,18-May-22,RT2,26,44,18-May-22,"May 22","W 21",weekeday
17562,18-May-22,RT2,9,30,18-May-22,"May 22","W 21",weekeday
17564,18-May-22,RT2,14,40,18-May-22,"May 22","W 21",weekeday
18560,18-May-22,RT2,19,40,18-May-22,"May 22","W 21",weekeday
19561,18-May-22,RT2,19,45,18-May-22,"May 22","W 21",weekeday
19563,18-May-22,RT3,11,29,18-May-22,"May 22","W 21",weekeday
19562,18-May-22,RT3,17,29,18-May-22,"May 22","W 21",weekeday
19561,18-May-22,RT3,13,29,18-May-22,"May 22","W 21",weekeday
18562,18-May-22,RT3,18,29,18-May-22,"May 22","W 21",weekeday
17562,18-May-22,RT3,10,27,18-May-22,"May 22","W 21",weekeday
16558,18-May-22,RT3,3,8,18-May-22,"May 22","W 21",weekeday
17559,18-May-22,RT3,8,16,18-May-22,"May 22","W 21",weekeday
17563,18-May-22,RT3,8,16,18-May-22,"May 22","W 21",weekeday
18560,18-May-22,RT3,13,24,18-May-22,"May 22","W 21",weekeday
18561,18-May-22,RT3,13,25,18-May-22,"May 22","W 21",weekeday
16559,18-May-22,RT3,14,32,18-May-22,"May 22","W 21",weekeday
17560,18-May-22,RT3,9,25,18-May-22,"May 22","W 21",weekeday
18559,18-May-22,RT3,9,23,18-May-22,"May 22","W 21",weekeday
19560,18-May-22,RT3,9,19,18-May-22,"May 22","W 21",weekeday
17564,18-May-22,RT3,10,24,18-May-22,"May 22","W 21",weekeday
16563,18-May-22,RT3,11,20,18-May-22,"May 22","W 21",weekeday
17561,18-May-22,RT4,2,4,18-May-22,"May 22","W 21",weekeday
19561,18-May-22,RT4,2,7,18-May-22,"May 22","W 21",weekeday
19563,18-May-22,RT4,2,6,18-May-22,"May 22","W 21",weekeday
18559,18-May-22,RT4,4,19,18-May-22,"May 22","W 21",weekeday
18561,18-May-22,RT4,5,9,18-May-22,"May 22","W 21",weekeday
17564,18-May-22,RT4,6,17,18-May-22,"May 22","W 21",weekeday
18560,18-May-22,RT4,7,15,18-May-22,"May 22","W 21",weekeday
17563,18-May-22,RT4,11,19,18-May-22,"May 22","W 21",weekeday
17559,18-May-22,RT4,7,14,18-May-22,"May 22","W 21",weekeday
18558,18-May-22,RT4,8,20,18-May-22,"May 22","W 21",weekeday
18563,18-May-22,RT4,7,18,18-May-22,"May 22","W 21",weekeday
16559,18-May-22,RT4,9,18,18-May-22,"May 22","W 21",weekeday
16560,18-May-22,RT4,3,7,18-May-22,"May 22","W 21",weekeday
16559,19-May-22,RT1,17,30,19-May-22,"May 22","W 21",weekeday
19562,19-May-22,RT1,15,30,19-May-22,"May 22","W 21",weekeday
17558,19-May-22,RT1,8,19,19-May-22,"May 22","W 21",weekeday
17560,19-May-22,RT1,17,40,19-May-22,"May 22","W 21",weekeday
19560,19-May-22,RT1,12,26,19-May-22,"May 22","W 21",weekeday
16560,19-May-22,RT1,14,34,19-May-22,"May 22","W 21",weekeday
16561,19-May-22,RT1,10,18,19-May-22,"May 22","W 21",weekeday
16563,19-May-22,RT1,20,41,19-May-22,"May 22","W 21",weekeday
17562,19-May-22,RT1,7,20,19-May-22,"May 22","W 21",weekeday
18558,19-May-22,RT1,7,15,19-May-22,"May 22","W 21",weekeday
18561,19-May-22,RT1,18,33,19-May-22,"May 22","W 21",weekeday
18563,19-May-22,RT1,13,27,19-May-22,"May 22","W 21",weekeday
19561,19-May-22,RT1,15,36,19-May-22,"May 22","W 21",weekeday
17564,19-May-22,RT1,5,16,19-May-22,"May 22","W 21",weekeday
18563,19-May-22,RT2,12,29,19-May-22,"May 22","W 21",weekeday
17558,19-May-22,RT2,22,50,19-May-22,"May 22","W 21",weekeday
16561,19-May-22,RT2,14,24,19-May-22,"May 22","W 21",weekeday
19560,19-May-22,RT2,20,38,19-May-22,"May 22","W 21",weekeday
16559,19-May-22,RT2,17,41,19-May-22,"May 22","W 21",weekeday
19558,19-May-22,RT2,13,39,19-May-22,"May 22","W 21",weekeday
17559,19-May-22,RT2,18,39,19-May-22,"May 22","W 21",weekeday
18562,19-May-22,RT2,16,34,19-May-22,"May 22","W 21",weekeday
17563,19-May-22,RT2,21,44,19-May-22,"May 22","W 21",weekeday
18558,19-May-22,RT2,14,30,19-May-22,"May 22","W 21",weekeday
18561,19-May-22,RT2,22,40,19-May-22,"May 22","W 21",weekeday
17560,19-May-22,RT2,19,45,19-May-22,"May 22","W 21",weekeday
19561,19-May-22,RT2,22,45,19-May-22,"May 22","W 21",weekeday
19563,19-May-22,RT3,11,29,19-May-22,"May 22","W 21",weekeday
19561,19-May-22,RT3,12,29,19-May-22,"May 22","W 21",weekeday
17558,19-May-22,RT3,11,27,19-May-22,"May 22","W 21",weekeday
19559,19-May-22,RT3,11,27,19-May-22,"May 22","W 21",weekeday
16558,19-May-22,RT3,4,8,19-May-22,"May 22","W 21",weekeday
16560,19-May-22,RT3,8,20,19-May-22,"May 22","W 21",weekeday
17559,19-May-22,RT3,8,16,19-May-22,"May 22","W 21",weekeday
18559,19-May-22,RT3,8,23,19-May-22,"May 22","W 21",weekeday
16559,19-May-22,RT3,13,32,19-May-22,"May 22","W 21",weekeday
16562,19-May-22,RT3,9,18,19-May-22,"May 22","W 21",weekeday
18558,19-May-22,RT3,10,26,19-May-22,"May 22","W 21",weekeday
19560,19-May-22,RT3,10,19,19-May-22,"May 22","W 21",weekeday
16561,19-May-22,RT3,12,21,19-May-22,"May 22","W 21",weekeday
17560,19-May-22,RT3,11,25,19-May-22,"May 22","W 21",weekeday
18561,19-May-22,RT3,11,25,19-May-22,"May 22","W 21",weekeday
18561,19-May-22,RT4,4,9,19-May-22,"May 22","W 21",weekeday
17560,19-May-22,RT4,6,13,19-May-22,"May 22","W 21",weekeday
19559,19-May-22,RT4,1,3,19-May-22,"May 22","W 21",weekeday
18560,19-May-22,RT4,9,15,19-May-22,"May 22","W 21",weekeday
18559,19-May-22,RT4,7,19,19-May-22,"May 22","W 21",weekeday
19562,19-May-22,RT4,7,14,19-May-22,"May 22","W 21",weekeday
18558,19-May-22,RT4,9,20,19-May-22,"May 22","W 21",weekeday
18563,19-May-22,RT4,8,18,19-May-22,"May 22","W 21",weekeday
16563,19-May-22,RT4,9,18,19-May-22,"May 22","W 21",weekeday
16559,19-May-22,RT4,9,18,19-May-22,"May 22","W 21",weekeday
16562,19-May-22,RT4,3,6,19-May-22,"May 22","W 21",weekeday
17562,19-May-22,RT4,3,6,19-May-22,"May 22","W 21",weekeday
16560,19-May-22,RT4,3,7,19-May-22,"May 22","W 21",weekeday
19561,19-May-22,RT4,3,7,19-May-22,"May 22","W 21",weekeday
19563,20-May-22,RT3,10,29,20-May-22,"May 22","W 21",weekeday
19562,20-May-22,RT1,14,30,20-May-22,"May 22","W 21",weekeday
19563,20-May-22,RT1,12,30,20-May-22,"May 22","W 21",weekeday
16558,20-May-22,RT1,9,19,20-May-22,"May 22","W 21",weekeday
19558,20-May-22,RT1,13,40,20-May-22,"May 22","W 21",weekeday
17561,20-May-22,RT1,12,26,20-May-22,"May 22","W 21",weekeday
16561,20-May-22,RT1,9,18,20-May-22,"May 22","W 21",weekeday
16562,20-May-22,RT1,13,31,20-May-22,"May 22","W 21",weekeday
17559,20-May-22,RT1,20,32,20-May-22,"May 22","W 21",weekeday
17563,20-May-22,RT1,14,25,20-May-22,"May 22","W 21",weekeday
18559,20-May-22,RT1,16,42,20-May-22,"May 22","W 21",weekeday
18562,20-May-22,RT1,20,38,20-May-22,"May 22","W 21",weekeday
18563,20-May-22,RT1,11,27,20-May-22,"May 22","W 21",weekeday
19561,20-May-22,RT1,15,36,20-May-22,"May 22","W 21",weekeday
19562,20-May-22,RT2,12,23,20-May-22,"May 22","W 21",weekeday
17561,20-May-22,RT2,16,36,20-May-22,"May 22","W 21",weekeday
16562,20-May-22,RT2,18,43,20-May-22,"May 22","W 21",weekeday
16558,20-May-22,RT2,11,22,20-May-22,"May 22","W 21",weekeday
19560,20-May-22,RT2,19,38,20-May-22,"May 22","W 21",weekeday
16559,20-May-22,RT2,17,41,20-May-22,"May 22","W 21",weekeday
19558,20-May-22,RT2,14,39,20-May-22,"May 22","W 21",weekeday
16560,20-May-22,RT2,14,34,20-May-22,"May 22","W 21",weekeday
18559,20-May-22,RT2,17,44,20-May-22,"May 22","W 21",weekeday
17562,20-May-22,RT2,11,30,20-May-22,"May 22","W 21",weekeday
18558,20-May-22,RT2,12,30,20-May-22,"May 22","W 21",weekeday
18561,20-May-22,RT2,20,40,20-May-22,"May 22","W 21",weekeday
17560,20-May-22,RT2,21,45,20-May-22,"May 22","W 21",weekeday
19563,20-May-22,RT2,19,45,20-May-22,"May 22","W 21",weekeday
19562,20-May-22,RT3,17,29,20-May-22,"May 22","W 21",weekeday
18562,20-May-22,RT3,15,29,20-May-22,"May 22","W 21",weekeday
17562,20-May-22,RT3,10,27,20-May-22,"May 22","W 21",weekeday
16559,20-May-22,RT3,16,32,20-May-22,"May 22","W 21",weekeday
18561,20-May-22,RT3,15,25,20-May-22,"May 22","W 21",weekeday
16562,20-May-22,RT3,8,18,20-May-22,"May 22","W 21",weekeday
17564,20-May-22,RT3,8,24,20-May-22,"May 22","W 21",weekeday
17559,20-May-22,RT3,9,16,20-May-22,"May 22","W 21",weekeday
17563,20-May-22,RT3,9,16,20-May-22,"May 22","W 21",weekeday
18559,20-May-22,RT3,9,23,20-May-22,"May 22","W 21",weekeday
16561,20-May-22,RT3,10,21,20-May-22,"May 22","W 21",weekeday
19560,20-May-22,RT3,10,19,20-May-22,"May 22","W 21",weekeday
18560,20-May-22,RT3,12,24,20-May-22,"May 22","W 21",weekeday
17560,20-May-22,RT3,11,25,20-May-22,"May 22","W 21",weekeday
17558,20-May-22,RT4,2,6,20-May-22,"May 22","W 21",weekeday
19558,20-May-22,RT4,2,7,20-May-22,"May 22","W 21",weekeday
16558,20-May-22,RT4,2,3,20-May-22,"May 22","W 21",weekeday
18561,20-May-22,RT4,5,9,20-May-22,"May 22","W 21",weekeday
17564,20-May-22,RT4,7,17,20-May-22,"May 22","W 21",weekeday
19560,20-May-22,RT4,8,16,20-May-22,"May 22","W 21",weekeday
18559,20-May-22,RT4,7,19,20-May-22,"May 22","W 21",weekeday
19562,20-May-22,RT4,8,14,20-May-22,"May 22","W 21",weekeday
18558,20-May-22,RT4,8,20,20-May-22,"May 22","W 21",weekeday
18563,20-May-22,RT4,8,18,20-May-22,"May 22","W 21",weekeday
16563,20-May-22,RT4,9,18,20-May-22,"May 22","W 21",weekeday
19563,20-May-22,RT4,3,6,20-May-22,"May 22","W 21",weekeday
19561,20-May-22,RT4,3,7,20-May-22,"May 22","W 21",weekeday
16559,21-May-22,RT1,19,30,21-May-22,"May 22","W 21",weekend
19563,21-May-22,RT1,16,30,21-May-22,"May 22","W 21",weekend
17558,21-May-22,RT1,12,19,21-May-22,"May 22","W 21",weekend
16558,21-May-22,RT1,13,19,21-May-22,"May 22","W 21",weekend
17560,21-May-22,RT1,26,40,21-May-22,"May 22","W 21",weekend
19560,21-May-22,RT1,20,26,21-May-22,"May 22","W 21",weekend
16560,21-May-22,RT1,19,34,21-May-22,"May 22","W 21",weekend
16561,21-May-22,RT1,13,18,21-May-22,"May 22","W 21",weekend
16563,21-May-22,RT1,33,41,21-May-22,"May 22","W 21",weekend
17559,21-May-22,RT1,23,32,21-May-22,"May 22","W 21",weekend
17562,21-May-22,RT1,10,20,21-May-22,"May 22","W 21",weekend
17563,21-May-22,RT1,17,25,21-May-22,"May 22","W 21",weekend
18558,21-May-22,RT1,8,15,21-May-22,"May 22","W 21",weekend
18561,21-May-22,RT1,23,33,21-May-22,"May 22","W 21",weekend
18563,21-May-22,RT1,16,27,21-May-22,"May 22","W 21",weekend
19559,21-May-22,RT1,13,24,21-May-22,"May 22","W 21",weekend
17564,21-May-22,RT1,9,16,21-May-22,"May 22","W 21",weekend
18563,21-May-22,RT2,18,29,21-May-22,"May 22","W 21",weekend
17558,21-May-22,RT2,31,50,21-May-22,"May 22","W 21",weekend
16561,21-May-22,RT2,16,24,21-May-22,"May 22","W 21",weekend
19560,21-May-22,RT2,29,38,21-May-22,"May 22","W 21",weekend
16563,21-May-22,RT2,28,38,21-May-22,"May 22","W 21",weekend
16559,21-May-22,RT2,28,41,21-May-22,"May 22","W 21",weekend
19559,21-May-22,RT2,23,41,21-May-22,"May 22","W 21",weekend
17559,21-May-22,RT2,28,39,21-May-22,"May 22","W 21",weekend
18562,21-May-22,RT2,25,34,21-May-22,"May 22","W 21",weekend
17563,21-May-22,RT2,30,44,21-May-22,"May 22","W 21",weekend
18558,21-May-22,RT2,18,30,21-May-22,"May 22","W 21",weekend
17564,21-May-22,RT2,20,40,21-May-22,"May 22","W 21",weekend
18561,21-May-22,RT2,30,40,21-May-22,"May 22","W 21",weekend
18560,21-May-22,RT2,32,40,21-May-22,"May 22","W 21",weekend
19561,21-May-22,RT2,28,45,21-May-22,"May 22","W 21",weekend
19563,21-May-22,RT3,19,29,21-May-22,"May 22","W 21",weekend
19562,21-May-22,RT3,23,29,21-May-22,"May 22","W 21",weekend
18562,21-May-22,RT3,23,29,21-May-22,"May 22","W 21",weekend
17562,21-May-22,RT3,14,27,21-May-22,"May 22","W 21",weekend
16559,21-May-22,RT3,23,32,21-May-22,"May 22","W 21",weekend
16558,21-May-22,RT3,5,8,21-May-22,"May 22","W 21",weekend
18561,21-May-22,RT3,19,25,21-May-22,"May 22","W 21",weekend
18560,21-May-22,RT3,18,24,21-May-22,"May 22","W 21",weekend
18558,21-May-22,RT3,15,26,21-May-22,"May 22","W 21",weekend
16563,21-May-22,RT3,13,20,21-May-22,"May 22","W 21",weekend
17563,21-May-22,RT3,13,16,21-May-22,"May 22","W 21",weekend
16560,21-May-22,RT3,12,20,21-May-22,"May 22","W 21",weekend
17564,21-May-22,RT3,12,24,21-May-22,"May 22","W 21",weekend
17559,21-May-22,RT3,11,16,21-May-22,"May 22","W 21",weekend
19558,21-May-22,RT3,11,21,21-May-22,"May 22","W 21",weekend
19559,21-May-22,RT4,2,3,21-May-22,"May 22","W 21",weekend
17558,21-May-22,RT4,4,6,21-May-22,"May 22","W 21",weekend
16560,21-May-22,RT4,4,7,21-May-22,"May 22","W 21",weekend
19561,21-May-22,RT4,4,7,21-May-22,"May 22","W 21",weekend
16561,21-May-22,RT4,9,10,21-May-22,"May 22","W 21",weekend
18561,21-May-22,RT4,7,9,21-May-22,"May 22","W 21",weekend
18560,21-May-22,RT4,12,15,21-May-22,"May 22","W 21",weekend
18559,21-May-22,RT4,9,19,21-May-22,"May 22","W 21",weekend
17563,21-May-22,RT4,16,19,21-May-22,"May 22","W 21",weekend
19562,21-May-22,RT4,10,14,21-May-22,"May 22","W 21",weekend
18558,21-May-22,RT4,12,20,21-May-22,"May 22","W 21",weekend
18562,21-May-22,RT4,14,20,21-May-22,"May 22","W 21",weekend
18563,21-May-22,RT4,10,18,21-May-22,"May 22","W 21",weekend
16563,21-May-22,RT4,14,18,21-May-22,"May 22","W 21",weekend
16562,21-May-22,RT4,3,6,21-May-22,"May 22","W 21",weekend
19558,21-May-22,RT4,3,7,21-May-22,"May 22","W 21",weekend
16559,22-May-22,RT1,28,30,22-May-22,"May 22","W 22",weekend
19562,22-May-22,RT1,25,30,22-May-22,"May 22","W 22",weekend
19563,22-May-22,RT1,24,30,22-May-22,"May 22","W 22",weekend
16558,22-May-22,RT1,17,19,22-May-22,"May 22","W 22",weekend
19558,22-May-22,RT1,22,40,22-May-22,"May 22","W 22",weekend
17561,22-May-22,RT1,24,26,22-May-22,"May 22","W 22",weekend
16561,22-May-22,RT1,16,18,22-May-22,"May 22","W 22",weekend
16562,22-May-22,RT1,22,31,22-May-22,"May 22","W 22",weekend
17559,22-May-22,RT1,31,32,22-May-22,"May 22","W 22",weekend
17563,22-May-22,RT1,23,25,22-May-22,"May 22","W 22",weekend
18559,22-May-22,RT1,26,42,22-May-22,"May 22","W 22",weekend
18562,22-May-22,RT1,33,38,22-May-22,"May 22","W 22",weekend
19559,22-May-22,RT1,18,24,22-May-22,"May 22","W 22",weekend
17564,22-May-22,RT1,10,16,22-May-22,"May 22","W 22",weekend
18563,22-May-22,RT2,21,29,22-May-22,"May 22","W 22",weekend
17558,22-May-22,RT2,38,50,22-May-22,"May 22","W 22",weekend
16562,22-May-22,RT2,30,43,22-May-22,"May 22","W 22",weekend
16558,22-May-22,RT2,20,22,22-May-22,"May 22","W 22",weekend
16563,22-May-22,RT2,35,38,22-May-22,"May 22","W 22",weekend
19559,22-May-22,RT2,30,41,22-May-22,"May 22","W 22",weekend
17559,22-May-22,RT2,33,39,22-May-22,"May 22","W 22",weekend
18562,22-May-22,RT2,30,34,22-May-22,"May 22","W 22",weekend
17563,22-May-22,RT2,38,44,22-May-22,"May 22","W 22",weekend
18558,22-May-22,RT2,24,30,22-May-22,"May 22","W 22",weekend
18561,22-May-22,RT2,34,40,22-May-22,"May 22","W 22",weekend
17560,22-May-22,RT2,33,45,22-May-22,"May 22","W 22",weekend
19563,22-May-22,RT2,31,45,22-May-22,"May 22","W 22",weekend
19562,22-May-22,RT3,24,29,22-May-22,"May 22","W 22",weekend
18562,22-May-22,RT3,27,29,22-May-22,"May 22","W 22",weekend
17562,22-May-22,RT3,17,27,22-May-22,"May 22","W 22",weekend
19559,22-May-22,RT3,18,27,22-May-22,"May 22","W 22",weekend
16558,22-May-22,RT3,7,8,22-May-22,"May 22","W 22",weekend
18561,22-May-22,RT3,21,25,22-May-22,"May 22","W 22",weekend
16563,22-May-22,RT3,19,20,22-May-22,"May 22","W 22",weekend
17561,22-May-22,RT3,17,19,22-May-22,"May 22","W 22",weekend
17563,22-May-22,RT3,16,16,22-May-22,"May 22","W 22",weekend
18560,22-May-22,RT3,22,24,22-May-22,"May 22","W 22",weekend
19560,22-May-22,RT3,17,19,22-May-22,"May 22","W 22",weekend
16562,22-May-22,RT3,13,18,22-May-22,"May 22","W 22",weekend
16560,22-May-22,RT3,14,20,22-May-22,"May 22","W 22",weekend
19559,22-May-22,RT4,2,3,22-May-22,"May 22","W 22",weekend
16562,22-May-22,RT4,4,6,22-May-22,"May 22","W 22",weekend
19563,22-May-22,RT4,4,6,22-May-22,"May 22","W 22",weekend
17558,22-May-22,RT4,5,6,22-May-22,"May 22","W 22",weekend
19561,22-May-22,RT4,5,7,22-May-22,"May 22","W 22",weekend
16560,22-May-22,RT4,6,7,22-May-22,"May 22","W 22",weekend
17560,22-May-22,RT4,10,13,22-May-22,"May 22","W 22",weekend
18561,22-May-22,RT4,8,9,22-May-22,"May 22","W 22",weekend
17564,22-May-22,RT4,12,17,22-May-22,"May 22","W 22",weekend
19560,22-May-22,RT4,14,16,22-May-22,"May 22","W 22",weekend
17563,22-May-22,RT4,17,19,22-May-22,"May 22","W 22",weekend
17559,22-May-22,RT4,12,14,22-May-22,"May 22","W 22",weekend
18562,22-May-22,RT4,18,20,22-May-22,"May 22","W 22",weekend
16563,22-May-22,RT4,18,18,22-May-22,"May 22","W 22",weekend
16559,22-May-22,RT4,16,18,22-May-22,"May 22","W 22",weekend
16558,22-May-22,RT4,3,3,22-May-22,"May 22","W 22",weekend
18560,24-May-22,RT1,17,30,24-May-22,"May 22","W 22",weekeday
19563,24-May-22,RT1,14,30,24-May-22,"May 22","W 22",weekeday
16558,24-May-22,RT1,11,19,24-May-22,"May 22","W 22",weekeday
19558,24-May-22,RT1,16,40,24-May-22,"May 22","W 22",weekeday
19560,24-May-22,RT1,18,26,24-May-22,"May 22","W 22",weekeday
17561,24-May-22,RT1,15,26,24-May-22,"May 22","W 22",weekeday
16560,24-May-22,RT1,14,34,24-May-22,"May 22","W 22",weekeday
16562,24-May-22,RT1,17,31,24-May-22,"May 22","W 22",weekeday
17559,24-May-22,RT1,17,32,24-May-22,"May 22","W 22",weekeday
17563,24-May-22,RT1,15,25,24-May-22,"May 22","W 22",weekeday
18559,24-May-22,RT1,17,42,24-May-22,"May 22","W 22",weekeday
18562,24-May-22,RT1,23,38,24-May-22,"May 22","W 22",weekeday
18563,24-May-22,RT1,13,27,24-May-22,"May 22","W 22",weekeday
19561,24-May-22,RT1,18,36,24-May-22,"May 22","W 22",weekeday
19562,24-May-22,RT2,13,23,24-May-22,"May 22","W 22",weekeday
17561,24-May-22,RT2,23,36,24-May-22,"May 22","W 22",weekeday
17558,24-May-22,RT2,24,50,24-May-22,"May 22","W 22",weekeday
16561,24-May-22,RT2,15,24,24-May-22,"May 22","W 22",weekeday
19560,24-May-22,RT2,25,38,24-May-22,"May 22","W 22",weekeday
16559,24-May-22,RT2,23,41,24-May-22,"May 22","W 22",weekeday
19558,24-May-22,RT2,17,39,24-May-22,"May 22","W 22",weekeday
16560,24-May-22,RT2,19,34,24-May-22,"May 22","W 22",weekeday
18562,24-May-22,RT2,20,34,24-May-22,"May 22","W 22",weekeday
17563,24-May-22,RT2,31,44,24-May-22,"May 22","W 22",weekeday
18558,24-May-22,RT2,16,30,24-May-22,"May 22","W 22",weekeday
17564,24-May-22,RT2,18,40,24-May-22,"May 22","W 22",weekeday
18560,24-May-22,RT2,23,40,24-May-22,"May 22","W 22",weekeday
19561,24-May-22,RT2,20,45,24-May-22,"May 22","W 22",weekeday
16559,24-May-22,RT1,21,30,24-May-22,"May 22","W 22",weekeday
19561,24-May-22,RT3,17,29,24-May-22,"May 22","W 22",weekeday
17558,24-May-22,RT3,15,27,24-May-22,"May 22","W 22",weekeday
